{
  "aor": 0.0013224795640326974,
  "aqi": 0.01793066264305177,
  "bids_meta": {
    "Date": "20181114",
    "EchoTime": 0.02,
    "EffectiveEchoSpacing": 0.002,
    "PhaseEncodingDirection": "j",
    "RepetitionTime": 0.802,
    "Run": 2,
    "Session": "bhb",
    "SliceTiming": [
      0.009435294117647059,
      0.4057176470588235,
      0.018870588235294118,
      0.41515294117647056,
      0.028305882352941177,
      0.42458823529411766,
      0.037741176470588236,
      0.4340235294117647,
      0.04717647058823529,
      0.44345882352941174,
      0.05661176470588235,
      0.45289411764705884,
      0.06604705882352942,
      0.4623294117647059,
      0.07548235294117647,
      0.4717647058823529,
      0.08491764705882353,
      0.4812,
      0.09435294117647058,
      0.49063529411764706,
      0.10378823529411764,
      0.5000705882352942,
      0.11322352941176471,
      0.5095058823529413,
      0.12265882352941176,
      0.5189411764705882,
      0.13209411764705883,
      0.5283764705882353,
      0.1415294117647059,
      0.5378117647058824,
      0.15096470588235295,
      0.5472470588235294,
      0.16040000000000001,
      0.5566823529411765,
      0.16983529411764708,
      0.5661176470588236,
      0.17927058823529413,
      0.5755529411764706,
      0.1887058823529412,
      0.5849882352941177,
      0.19814117647058824,
      0.5944235294117648,
      0.2075764705882353,
      0.6038588235294118,
      0.21701176470588238,
      0.6132941176470589,
      0.22644705882352942,
      0.622729411764706,
      0.2358823529411765,
      0.632164705882353,
      0.24531764705882356,
      0.6416000000000001,
      0.25475294117647057,
      0.6510352941176472,
      0.2641882352941176,
      0.6604705882352941,
      0.2736235294117647,
      0.6699058823529412,
      0.28305882352941175,
      0.6793411764705883,
      0.2924941176470588,
      0.6887764705882353,
      0.3019294117647059,
      0.6982117647058824,
      0.31136470588235293,
      0.7076470588235295,
      0.3208,
      0.7170823529411765,
      0.33023529411764707,
      0.7265176470588236,
      0.3396705882352941,
      0.7359529411764707,
      0.34910588235294115,
      0.7453882352941177,
      0.35854117647058825,
      0.7548235294117648,
      0.3679764705882353,
      0.7642588235294118,
      0.37741176470588234,
      0.7736941176470589,
      0.3868470588235294,
      0.783129411764706,
      0.3962823529411765,
      0.792564705882353,
      0.802
    ],
    "Subject": "006",
    "TaskName": "maze",
    "dataset": "ds002549",
    "modality": "bold",
    "run_id": 2,
    "session_id": "bhb",
    "subject_id": "006",
    "task_id": "maze"
  },
  "dummy_trs": 6,
  "dvars_nstd": 65.51599735201903,
  "dvars_std": 1.027247786452934,
  "dvars_vstd": 1.0002363966166432,
  "efc": 0.5187790891746219,
  "fber": 428.7551574707031,
  "fd_mean": 0.18741304228476505,
  "fd_num": 253,
  "fd_perc": 34.46866485013624,
  "fwhm_avg": 2.6981420419353648,
  "fwhm_x": 2.507049701136386,
  "fwhm_y": 2.54235,
  "fwhm_z": 3.0450264246697087,
  "gcor": 0.00344222,
  "gsr_x": -0.04351940006017685,
  "gsr_y": 0.09797056764364243,
  "provenance": {
    "md5sum": "e2c689ca6e7d73819fd0f3dcd41f9a7e",
    "settings": {
      "fd_thres": 0.2,
      "testing": false
    },
    "software": "mriqc",
    "version": "22.0.6",
    "webapi_port": null,
    "webapi_url": "https://mriqc.nimh.nih.gov/api/v1"
  },
  "size_t": 734,
  "size_x": 96,
  "size_y": 96,
  "size_z": 85,
  "snr": 1.3642207369670722,
  "spacing_tr": 0.8019999861717224,
  "spacing_x": 2.000000238418579,
  "spacing_y": 2.0,
  "spacing_z": 1.5000001192092896,
  "summary_bg_k": 25.108036416525053,
  "summary_bg_mad": 18.122491030721665,
  "summary_bg_mean": 54.4473876953125,
  "summary_bg_median": 22.160762786865234,
  "summary_bg_n": 493179.0,
  "summary_bg_p05": 8.363759994506836,
  "summary_bg_p95": 219.2984924316406,
  "summary_bg_stdv": 86.00874328613281,
  "summary_fg_k": 10.881572255671863,
  "summary_fg_mad": 204.786919929683,
  "summary_fg_mean": 571.5900268554688,
  "summary_fg_median": 478.009521484375,
  "summary_fg_n": 180851.0,
  "summary_fg_p05": 245.5279312133789,
  "summary_fg_p95": 1210.1737060546875,
  "summary_fg_stdv": 350.3891906738281,
  "tsnr": 16.720236069522798
}