{
  "aor": 0.00021632010943912447,
  "aqi": 0.01622458785225718,
  "bids_meta": {
    "Date": "20181112",
    "EchoTime": 0.02,
    "EffectiveEchoSpacing": 0.002,
    "PhaseEncodingDirection": "j",
    "RepetitionTime": 0.802,
    "Run": 1,
    "Session": "glu",
    "SliceTiming": [
      0.009435294117647059,
      0.4057176470588235,
      0.018870588235294118,
      0.41515294117647056,
      0.028305882352941177,
      0.42458823529411766,
      0.037741176470588236,
      0.4340235294117647,
      0.04717647058823529,
      0.44345882352941174,
      0.05661176470588235,
      0.45289411764705884,
      0.06604705882352942,
      0.4623294117647059,
      0.07548235294117647,
      0.4717647058823529,
      0.08491764705882353,
      0.4812,
      0.09435294117647058,
      0.49063529411764706,
      0.10378823529411764,
      0.5000705882352942,
      0.11322352941176471,
      0.5095058823529413,
      0.12265882352941176,
      0.5189411764705882,
      0.13209411764705883,
      0.5283764705882353,
      0.1415294117647059,
      0.5378117647058824,
      0.15096470588235295,
      0.5472470588235294,
      0.16040000000000001,
      0.5566823529411765,
      0.16983529411764708,
      0.5661176470588236,
      0.17927058823529413,
      0.5755529411764706,
      0.1887058823529412,
      0.5849882352941177,
      0.19814117647058824,
      0.5944235294117648,
      0.2075764705882353,
      0.6038588235294118,
      0.21701176470588238,
      0.6132941176470589,
      0.22644705882352942,
      0.622729411764706,
      0.2358823529411765,
      0.632164705882353,
      0.24531764705882356,
      0.6416000000000001,
      0.25475294117647057,
      0.6510352941176472,
      0.2641882352941176,
      0.6604705882352941,
      0.2736235294117647,
      0.6699058823529412,
      0.28305882352941175,
      0.6793411764705883,
      0.2924941176470588,
      0.6887764705882353,
      0.3019294117647059,
      0.6982117647058824,
      0.31136470588235293,
      0.7076470588235295,
      0.3208,
      0.7170823529411765,
      0.33023529411764707,
      0.7265176470588236,
      0.3396705882352941,
      0.7359529411764707,
      0.34910588235294115,
      0.7453882352941177,
      0.35854117647058825,
      0.7548235294117648,
      0.3679764705882353,
      0.7642588235294118,
      0.37741176470588234,
      0.7736941176470589,
      0.3868470588235294,
      0.783129411764706,
      0.3962823529411765,
      0.792564705882353,
      0.802
    ],
    "Subject": "006",
    "TaskName": "maze",
    "dataset": "ds002549",
    "modality": "bold",
    "run_id": 1,
    "session_id": "glu",
    "subject_id": "006",
    "task_id": "maze"
  },
  "dummy_trs": 9,
  "dvars_nstd": 65.19199246968488,
  "dvars_std": 0.9952340689863015,
  "dvars_vstd": 0.966865113547944,
  "efc": 0.5291540026631486,
  "fber": 352.2850036621094,
  "fd_mean": 0.15671484934073715,
  "fd_num": 181,
  "fd_perc": 24.76060191518468,
  "fwhm_avg": 2.678462705081534,
  "fwhm_x": 2.480595,
  "fwhm_y": 2.516905,
  "fwhm_z": 3.0378881152446024,
  "gcor": 0.00198941,
  "gsr_x": -0.049042828381061554,
  "gsr_y": 0.10855381190776825,
  "provenance": {
    "md5sum": "ba70a7e63f8aae3b87f39ac7f732b765",
    "settings": {
      "fd_thres": 0.2,
      "testing": false
    },
    "software": "mriqc",
    "version": "22.0.6",
    "webapi_port": null,
    "webapi_url": "https://mriqc.nimh.nih.gov/api/v1"
  },
  "size_t": 731,
  "size_x": 96,
  "size_y": 96,
  "size_z": 85,
  "snr": 1.4213558418252075,
  "spacing_tr": 0.8019999861717224,
  "spacing_x": 2.0,
  "spacing_y": 2.0,
  "spacing_z": 1.4999992847442627,
  "summary_bg_k": 41.86975956789661,
  "summary_bg_mad": 19.837664651887,
  "summary_bg_mean": 54.08671188354492,
  "summary_bg_median": 23.548564910888672,
  "summary_bg_n": 493663.0,
  "summary_bg_p05": 8.387141227722168,
  "summary_bg_p95": 206.48153686523438,
  "summary_bg_stdv": 80.34334564208984,
  "summary_fg_k": 8.346775965737782,
  "summary_fg_mad": 191.50716028177996,
  "summary_fg_mean": 554.139892578125,
  "summary_fg_median": 461.2229919433594,
  "summary_fg_n": 182623.0,
  "summary_fg_p05": 240.5198516845703,
  "summary_fg_p95": 1184.2675048828125,
  "summary_fg_stdv": 324.49420166015625,
  "tsnr": 17.473750691860914
}